{"cameraMode":{"drawMode":0,"name":"Shaded","section":"Shading Mode"},"sceneLighting":true,"audioPlay":false,"sceneViewState":{"m_AlwaysRefresh":false,"showFog":true,"showSkybox":true,"showFlares":true,"showImageEffects":true,"showParticleSystems":true,"showVisualEffectGraphs":true,"m_FxEnabled":true},"in2DMode":false,"pivot":{"x":2.5898537635803224,"y":2.1771135330200197,"z":0.1926555633544922},"rotation":{"x":0.13373661041259767,"y":-0.6733765006065369,"z":0.12560251355171204,"w":0.7163017392158508},"size":3.374730110168457,"orthographic":true}